linear,relu,relu
128,16,4
linear,relu,relu
128,16,4
linear,relu,relu
128,16,4
linear,relu,relu
128,16,4
linear,relu,relu
128,32,8
linear,relu,relu
128,32,8
linear,relu,relu
128,32,8
linear,relu,relu
128,32,8
linear,relu,relu
128,48,12
linear,relu,relu
128,48,12
linear,relu,relu
128,48,12
linear,relu,relu
128,48,12
linear,relu,relu
128,64,16
linear,relu,relu
128,64,16
linear,relu,relu
128,64,16
linear,relu,relu
128,64,16
linear,relu,relu
128,80,20
linear,relu,relu
128,80,20
linear,relu,relu
128,80,20
linear,relu,relu
128,80,20
linear,relu,relu
128,96,24
linear,relu,relu
128,96,24
linear,relu,relu
128,96,24
linear,relu,relu
128,96,24
linear,relu,relu
128,112,28
linear,relu,relu
128,112,28
linear,relu,relu
128,112,28
linear,relu,relu
128,112,28
linear,relu,relu
128,128,32
linear,relu,relu
128,128,32
linear,relu,relu
128,128,32
linear,relu,relu
128,128,32
linear,relu,relu
128,144,36
linear,relu,relu
128,144,36
linear,relu,relu
128,144,36
linear,relu,relu
128,144,36
linear,relu,relu
128,160,40
linear,relu,relu
128,160,40
linear,relu,relu
128,160,40
linear,relu,relu
128,160,40
linear,relu,relu
128,176,44
linear,relu,relu
128,176,44
linear,relu,relu
128,176,44
linear,relu,relu
128,176,44
linear,relu,relu
128,192,48
linear,relu,relu
128,192,48
linear,relu,relu
128,192,48
linear,relu,relu
128,192,48
linear,relu,relu
128,208,52
linear,relu,relu
128,208,52
linear,relu,relu
128,208,52
linear,relu,relu
128,208,52
linear,relu,relu
128,224,56
linear,relu,relu
128,224,56
linear,relu,relu
128,224,56
linear,relu,relu
128,224,56
linear,relu,relu
128,240,60
linear,relu,relu
128,240,60
linear,relu,relu
128,240,60
linear,relu,relu
128,240,60
linear,relu,relu
144,16,4
linear,relu,relu
144,16,4
linear,relu,relu
144,16,4
linear,relu,relu
144,16,4
linear,relu,relu
144,32,8
linear,relu,relu
144,32,8
linear,relu,relu
144,32,8
linear,relu,relu
144,32,8
linear,relu,relu
144,48,12
linear,relu,relu
144,48,12
linear,relu,relu
144,48,12
linear,relu,relu
144,48,12
linear,relu,relu
144,64,16
linear,relu,relu
144,64,16
linear,relu,relu
144,64,16
linear,relu,relu
144,64,16
linear,relu,relu
144,80,20
linear,relu,relu
144,80,20
linear,relu,relu
144,80,20
linear,relu,relu
144,80,20
linear,relu,relu
144,96,24
linear,relu,relu
144,96,24
linear,relu,relu
144,96,24
linear,relu,relu
144,96,24
linear,relu,relu
144,112,28
linear,relu,relu
144,112,28
linear,relu,relu
144,112,28
linear,relu,relu
144,112,28
linear,relu,relu
144,128,32
linear,relu,relu
144,128,32
linear,relu,relu
144,128,32
linear,relu,relu
144,128,32
linear,relu,relu
144,144,36
linear,relu,relu
144,144,36
linear,relu,relu
144,144,36
linear,relu,relu
144,144,36
linear,relu,relu
144,160,40
linear,relu,relu
144,160,40
linear,relu,relu
144,160,40
linear,relu,relu
144,160,40
linear,relu,relu
144,176,44
linear,relu,relu
144,176,44
linear,relu,relu
144,176,44
linear,relu,relu
144,176,44
linear,relu,relu
144,192,48
linear,relu,relu
144,192,48
linear,relu,relu
144,192,48
linear,relu,relu
144,192,48
linear,relu,relu
144,208,52
linear,relu,relu
144,208,52
linear,relu,relu
144,208,52
linear,relu,relu
144,208,52
linear,relu,relu
144,224,56
linear,relu,relu
144,224,56
linear,relu,relu
144,224,56
linear,relu,relu
144,224,56
linear,relu,relu
144,240,60
linear,relu,relu
144,240,60
linear,relu,relu
144,240,60
linear,relu,relu
144,240,60
linear,relu,relu
160,16,4
linear,relu,relu
160,16,4
linear,relu,relu
160,16,4
linear,relu,relu
160,16,4
linear,relu,relu
160,32,8
linear,relu,relu
160,32,8
linear,relu,relu
160,32,8
linear,relu,relu
160,32,8
linear,relu,relu
160,48,12
linear,relu,relu
160,48,12
linear,relu,relu
160,48,12
linear,relu,relu
160,48,12
linear,relu,relu
160,64,16
linear,relu,relu
160,64,16
linear,relu,relu
160,64,16
linear,relu,relu
160,64,16
linear,relu,relu
160,80,20
linear,relu,relu
160,80,20
linear,relu,relu
160,80,20
linear,relu,relu
160,80,20
linear,relu,relu
160,96,24
linear,relu,relu
160,96,24
linear,relu,relu
160,96,24
linear,relu,relu
160,96,24
linear,relu,relu
160,112,28
linear,relu,relu
160,112,28
linear,relu,relu
160,112,28
linear,relu,relu
160,112,28
linear,relu,relu
160,128,32
linear,relu,relu
160,128,32
linear,relu,relu
160,128,32
linear,relu,relu
160,128,32
linear,relu,relu
160,144,36
linear,relu,relu
160,144,36
linear,relu,relu
160,144,36
linear,relu,relu
160,144,36
linear,relu,relu
160,160,40
linear,relu,relu
160,160,40
linear,relu,relu
160,160,40
linear,relu,relu
160,160,40
linear,relu,relu
160,176,44
linear,relu,relu
160,176,44
linear,relu,relu
160,176,44
linear,relu,relu
160,176,44
linear,relu,relu
160,192,48
linear,relu,relu
160,192,48
linear,relu,relu
160,192,48
linear,relu,relu
160,192,48
linear,relu,relu
160,208,52
linear,relu,relu
160,208,52
linear,relu,relu
160,208,52
linear,relu,relu
160,208,52
linear,relu,relu
160,224,56
linear,relu,relu
160,224,56
linear,relu,relu
160,224,56
linear,relu,relu
160,224,56
linear,relu,relu
160,240,60
linear,relu,relu
160,240,60
linear,relu,relu
160,240,60
linear,relu,relu
160,240,60
linear,relu,relu
176,16,4
linear,relu,relu
176,16,4
linear,relu,relu
176,16,4
linear,relu,relu
176,16,4
linear,relu,relu
176,32,8
linear,relu,relu
176,32,8
linear,relu,relu
176,32,8
linear,relu,relu
176,32,8
linear,relu,relu
176,48,12
linear,relu,relu
176,48,12
linear,relu,relu
176,48,12
linear,relu,relu
176,48,12
linear,relu,relu
176,64,16
linear,relu,relu
176,64,16
linear,relu,relu
176,64,16
linear,relu,relu
176,64,16
linear,relu,relu
176,80,20
linear,relu,relu
176,80,20
linear,relu,relu
176,80,20
linear,relu,relu
176,80,20
linear,relu,relu
176,96,24
linear,relu,relu
176,96,24
linear,relu,relu
176,96,24
linear,relu,relu
176,96,24
linear,relu,relu
176,112,28
linear,relu,relu
176,112,28
linear,relu,relu
176,112,28
linear,relu,relu
176,112,28
linear,relu,relu
176,128,32
linear,relu,relu
176,128,32
linear,relu,relu
176,128,32
linear,relu,relu
176,128,32
linear,relu,relu
176,144,36
linear,relu,relu
176,144,36
linear,relu,relu
176,144,36
linear,relu,relu
176,144,36
linear,relu,relu
176,160,40
linear,relu,relu
176,160,40
linear,relu,relu
176,160,40
linear,relu,relu
176,160,40
linear,relu,relu
176,176,44
linear,relu,relu
176,176,44
linear,relu,relu
176,176,44
linear,relu,relu
176,176,44
linear,relu,relu
176,192,48
linear,relu,relu
176,192,48
linear,relu,relu
176,192,48
linear,relu,relu
176,192,48
linear,relu,relu
176,208,52
linear,relu,relu
176,208,52
linear,relu,relu
176,208,52
linear,relu,relu
176,208,52
linear,relu,relu
176,224,56
linear,relu,relu
176,224,56
linear,relu,relu
176,224,56
linear,relu,relu
176,224,56
linear,relu,relu
176,240,60
linear,relu,relu
176,240,60
linear,relu,relu
176,240,60
linear,relu,relu
176,240,60
linear,relu,relu
192,16,4
linear,relu,relu
192,16,4
linear,relu,relu
192,16,4
linear,relu,relu
192,16,4
linear,relu,relu
192,32,8
linear,relu,relu
192,32,8
linear,relu,relu
192,32,8
linear,relu,relu
192,32,8
linear,relu,relu
192,48,12
linear,relu,relu
192,48,12
linear,relu,relu
192,48,12
linear,relu,relu
192,48,12
linear,relu,relu
192,64,16
linear,relu,relu
192,64,16
linear,relu,relu
192,64,16
linear,relu,relu
192,64,16
linear,relu,relu
192,80,20
linear,relu,relu
192,80,20
linear,relu,relu
192,80,20
linear,relu,relu
192,80,20
linear,relu,relu
192,96,24
linear,relu,relu
192,96,24
linear,relu,relu
192,96,24
linear,relu,relu
192,96,24
linear,relu,relu
192,112,28
linear,relu,relu
192,112,28
linear,relu,relu
192,112,28
linear,relu,relu
192,112,28
linear,relu,relu
192,128,32
linear,relu,relu
192,128,32
linear,relu,relu
192,128,32
linear,relu,relu
192,128,32
linear,relu,relu
192,144,36
linear,relu,relu
192,144,36
linear,relu,relu
192,144,36
linear,relu,relu
192,144,36
linear,relu,relu
192,160,40
linear,relu,relu
192,160,40
linear,relu,relu
192,160,40
linear,relu,relu
192,160,40
linear,relu,relu
192,176,44
linear,relu,relu
192,176,44
linear,relu,relu
192,176,44
linear,relu,relu
192,176,44
linear,relu,relu
192,192,48
linear,relu,relu
192,192,48
linear,relu,relu
192,192,48
linear,relu,relu
192,192,48
linear,relu,relu
192,208,52
linear,relu,relu
192,208,52
linear,relu,relu
192,208,52
linear,relu,relu
192,208,52
linear,relu,relu
192,224,56
linear,relu,relu
192,224,56
linear,relu,relu
192,224,56
linear,relu,relu
192,224,56
linear,relu,relu
192,240,60
linear,relu,relu
192,240,60
linear,relu,relu
192,240,60
linear,relu,relu
192,240,60
linear,relu,relu
208,16,4
linear,relu,relu
208,16,4
linear,relu,relu
208,16,4
linear,relu,relu
208,16,4
linear,relu,relu
208,32,8
linear,relu,relu
208,32,8
linear,relu,relu
208,32,8
linear,relu,relu
208,32,8
linear,relu,relu
208,48,12
linear,relu,relu
208,48,12
linear,relu,relu
208,48,12
linear,relu,relu
208,48,12
linear,relu,relu
208,64,16
linear,relu,relu
208,64,16
linear,relu,relu
208,64,16
linear,relu,relu
208,64,16
linear,relu,relu
208,80,20
linear,relu,relu
208,80,20
linear,relu,relu
208,80,20
linear,relu,relu
208,80,20
linear,relu,relu
208,96,24
linear,relu,relu
208,96,24
linear,relu,relu
208,96,24
linear,relu,relu
208,96,24
linear,relu,relu
208,112,28
linear,relu,relu
208,112,28
linear,relu,relu
208,112,28
linear,relu,relu
208,112,28
linear,relu,relu
208,128,32
linear,relu,relu
208,128,32
linear,relu,relu
208,128,32
linear,relu,relu
208,128,32
linear,relu,relu
208,144,36
linear,relu,relu
208,144,36
linear,relu,relu
208,144,36
linear,relu,relu
208,144,36
linear,relu,relu
208,160,40
linear,relu,relu
208,160,40
linear,relu,relu
208,160,40
linear,relu,relu
208,160,40
linear,relu,relu
208,176,44
linear,relu,relu
208,176,44
linear,relu,relu
208,176,44
linear,relu,relu
208,176,44
linear,relu,relu
208,192,48
linear,relu,relu
208,192,48
linear,relu,relu
208,192,48
linear,relu,relu
208,192,48
linear,relu,relu
208,208,52
linear,relu,relu
208,208,52
linear,relu,relu
208,208,52
linear,relu,relu
208,208,52
linear,relu,relu
208,224,56
linear,relu,relu
208,224,56
linear,relu,relu
208,224,56
linear,relu,relu
208,224,56
linear,relu,relu
208,240,60
linear,relu,relu
208,240,60
linear,relu,relu
208,240,60
linear,relu,relu
208,240,60
linear,relu,relu
224,16,4
linear,relu,relu
224,16,4
linear,relu,relu
224,16,4
linear,relu,relu
224,16,4
linear,relu,relu
224,32,8
linear,relu,relu
224,32,8
linear,relu,relu
224,32,8
linear,relu,relu
224,32,8
linear,relu,relu
224,48,12
linear,relu,relu
224,48,12
linear,relu,relu
224,48,12
linear,relu,relu
224,48,12
linear,relu,relu
224,64,16
linear,relu,relu
224,64,16
linear,relu,relu
224,64,16
linear,relu,relu
224,64,16
linear,relu,relu
224,80,20
linear,relu,relu
224,80,20
linear,relu,relu
224,80,20
linear,relu,relu
224,80,20
linear,relu,relu
224,96,24
linear,relu,relu
224,96,24
linear,relu,relu
224,96,24
linear,relu,relu
224,96,24
linear,relu,relu
224,112,28
linear,relu,relu
224,112,28
linear,relu,relu
224,112,28
linear,relu,relu
224,112,28
linear,relu,relu
224,128,32
linear,relu,relu
224,128,32
linear,relu,relu
224,128,32
linear,relu,relu
224,128,32
linear,relu,relu
224,144,36
linear,relu,relu
224,144,36
linear,relu,relu
224,144,36
linear,relu,relu
224,144,36
linear,relu,relu
224,160,40
linear,relu,relu
224,160,40
linear,relu,relu
224,160,40
linear,relu,relu
224,160,40
linear,relu,relu
224,176,44
linear,relu,relu
224,176,44
linear,relu,relu
224,176,44
linear,relu,relu
224,176,44
linear,relu,relu
224,192,48
linear,relu,relu
224,192,48
linear,relu,relu
224,192,48
linear,relu,relu
224,192,48
linear,relu,relu
224,208,52
linear,relu,relu
224,208,52
linear,relu,relu
224,208,52
linear,relu,relu
224,208,52
linear,relu,relu
224,224,56
linear,relu,relu
224,224,56
linear,relu,relu
224,224,56
linear,relu,relu
224,224,56
linear,relu,relu
224,240,60
linear,relu,relu
224,240,60
linear,relu,relu
224,240,60
linear,relu,relu
224,240,60
linear,relu,relu
240,16,4
linear,relu,relu
240,16,4
linear,relu,relu
240,16,4
linear,relu,relu
240,16,4
linear,relu,relu
240,32,8
linear,relu,relu
240,32,8
linear,relu,relu
240,32,8
linear,relu,relu
240,32,8
linear,relu,relu
240,48,12
linear,relu,relu
240,48,12
linear,relu,relu
240,48,12
linear,relu,relu
240,48,12
linear,relu,relu
240,64,16
linear,relu,relu
240,64,16
linear,relu,relu
240,64,16
linear,relu,relu
240,64,16
linear,relu,relu
240,80,20
linear,relu,relu
240,80,20
linear,relu,relu
240,80,20
linear,relu,relu
240,80,20
linear,relu,relu
240,96,24
linear,relu,relu
240,96,24
linear,relu,relu
240,96,24
linear,relu,relu
240,96,24
linear,relu,relu
240,112,28
linear,relu,relu
240,112,28
linear,relu,relu
240,112,28
linear,relu,relu
240,112,28
linear,relu,relu
240,128,32
linear,relu,relu
240,128,32
linear,relu,relu
240,128,32
linear,relu,relu
240,128,32
linear,relu,relu
240,144,36
linear,relu,relu
240,144,36
linear,relu,relu
240,144,36
linear,relu,relu
240,144,36
linear,relu,relu
240,160,40
linear,relu,relu
240,160,40
linear,relu,relu
240,160,40
linear,relu,relu
240,160,40
linear,relu,relu
240,176,44
linear,relu,relu
240,176,44
linear,relu,relu
240,176,44
linear,relu,relu
240,176,44
linear,relu,relu
240,192,48
linear,relu,relu
240,192,48
linear,relu,relu
240,192,48
linear,relu,relu
240,192,48
linear,relu,relu
240,208,52
linear,relu,relu
240,208,52
linear,relu,relu
240,208,52
linear,relu,relu
240,208,52
linear,relu,relu
240,224,56
linear,relu,relu
240,224,56
linear,relu,relu
240,224,56
linear,relu,relu
240,224,56
linear,relu,relu
240,240,60
linear,relu,relu
240,240,60
linear,relu,relu
240,240,60
linear,relu,relu
240,240,60
linear,relu,relu
256,16,4
linear,relu,relu
256,16,4
linear,relu,relu
256,16,4
linear,relu,relu
256,16,4
linear,relu,relu
256,32,8
linear,relu,relu
256,32,8
linear,relu,relu
256,32,8
linear,relu,relu
256,32,8
linear,relu,relu
256,48,12
linear,relu,relu
256,48,12
linear,relu,relu
256,48,12
linear,relu,relu
256,48,12
linear,relu,relu
256,64,16
linear,relu,relu
256,64,16
linear,relu,relu
256,64,16
linear,relu,relu
256,64,16
linear,relu,relu
256,80,20
linear,relu,relu
256,80,20
linear,relu,relu
256,80,20
linear,relu,relu
256,80,20
linear,relu,relu
256,96,24
linear,relu,relu
256,96,24
linear,relu,relu
256,96,24
linear,relu,relu
256,96,24
linear,relu,relu
256,112,28
linear,relu,relu
256,112,28
linear,relu,relu
256,112,28
linear,relu,relu
256,112,28
linear,relu,relu
256,128,32
linear,relu,relu
256,128,32
linear,relu,relu
256,128,32
linear,relu,relu
256,128,32
linear,relu,relu
256,144,36
linear,relu,relu
256,144,36
linear,relu,relu
256,144,36
linear,relu,relu
256,144,36
linear,relu,relu
256,160,40
linear,relu,relu
256,160,40
linear,relu,relu
256,160,40
linear,relu,relu
256,160,40
linear,relu,relu
256,176,44
linear,relu,relu
256,176,44
linear,relu,relu
256,176,44
linear,relu,relu
256,176,44
linear,relu,relu
256,192,48
linear,relu,relu
256,192,48
linear,relu,relu
256,192,48
linear,relu,relu
256,192,48
linear,relu,relu
256,208,52
linear,relu,relu
256,208,52
linear,relu,relu
256,208,52
linear,relu,relu
256,208,52
linear,relu,relu
256,224,56
linear,relu,relu
256,224,56
linear,relu,relu
256,224,56
linear,relu,relu
256,224,56
linear,relu,relu
256,240,60
linear,relu,relu
256,240,60
linear,relu,relu
256,240,60
linear,relu,relu
256,240,60
linear,relu,relu
272,16,4
linear,relu,relu
272,16,4
linear,relu,relu
272,16,4
linear,relu,relu
272,16,4
linear,relu,relu
272,32,8
linear,relu,relu
272,32,8
linear,relu,relu
272,32,8
linear,relu,relu
272,32,8
linear,relu,relu
272,48,12
linear,relu,relu
272,48,12
linear,relu,relu
272,48,12
linear,relu,relu
272,48,12
linear,relu,relu
272,64,16
linear,relu,relu
272,64,16
linear,relu,relu
272,64,16
linear,relu,relu
272,64,16
linear,relu,relu
272,80,20
linear,relu,relu
272,80,20
linear,relu,relu
272,80,20
linear,relu,relu
272,80,20
linear,relu,relu
272,96,24
linear,relu,relu
272,96,24
linear,relu,relu
272,96,24
linear,relu,relu
272,96,24
linear,relu,relu
272,112,28
linear,relu,relu
272,112,28
linear,relu,relu
272,112,28
linear,relu,relu
272,112,28
linear,relu,relu
272,128,32
linear,relu,relu
272,128,32
linear,relu,relu
272,128,32
linear,relu,relu
272,128,32
linear,relu,relu
272,144,36
linear,relu,relu
272,144,36
linear,relu,relu
272,144,36
linear,relu,relu
272,144,36
linear,relu,relu
272,160,40
linear,relu,relu
272,160,40
linear,relu,relu
272,160,40
linear,relu,relu
272,160,40
linear,relu,relu
272,176,44
linear,relu,relu
272,176,44
linear,relu,relu
272,176,44
linear,relu,relu
272,176,44
linear,relu,relu
272,192,48
linear,relu,relu
272,192,48
linear,relu,relu
272,192,48
linear,relu,relu
272,192,48
linear,relu,relu
272,208,52
linear,relu,relu
272,208,52
linear,relu,relu
272,208,52
linear,relu,relu
272,208,52
linear,relu,relu
272,224,56
linear,relu,relu
272,224,56
linear,relu,relu
272,224,56
linear,relu,relu
272,224,56
linear,relu,relu
272,240,60
linear,relu,relu
272,240,60
linear,relu,relu
272,240,60
linear,relu,relu
272,240,60
linear,relu,relu
288,16,4
linear,relu,relu
288,16,4
linear,relu,relu
288,16,4
linear,relu,relu
288,16,4
linear,relu,relu
288,32,8
linear,relu,relu
288,32,8
linear,relu,relu
288,32,8
linear,relu,relu
288,32,8
linear,relu,relu
288,48,12
linear,relu,relu
288,48,12
linear,relu,relu
288,48,12
linear,relu,relu
288,48,12
linear,relu,relu
288,64,16
linear,relu,relu
288,64,16
linear,relu,relu
288,64,16
linear,relu,relu
288,64,16
linear,relu,relu
288,80,20
linear,relu,relu
288,80,20
linear,relu,relu
288,80,20
linear,relu,relu
288,80,20
linear,relu,relu
288,96,24
linear,relu,relu
288,96,24
linear,relu,relu
288,96,24
linear,relu,relu
288,96,24
linear,relu,relu
288,112,28
linear,relu,relu
288,112,28
linear,relu,relu
288,112,28
linear,relu,relu
288,112,28
linear,relu,relu
288,128,32
linear,relu,relu
288,128,32
linear,relu,relu
288,128,32
linear,relu,relu
288,128,32
linear,relu,relu
288,144,36
linear,relu,relu
288,144,36
linear,relu,relu
288,144,36
linear,relu,relu
288,144,36
linear,relu,relu
288,160,40
linear,relu,relu
288,160,40
linear,relu,relu
288,160,40
linear,relu,relu
288,160,40
linear,relu,relu
288,176,44
linear,relu,relu
288,176,44
linear,relu,relu
288,176,44
linear,relu,relu
288,176,44
linear,relu,relu
288,192,48
linear,relu,relu
288,192,48
linear,relu,relu
288,192,48
linear,relu,relu
288,192,48
linear,relu,relu
288,208,52
linear,relu,relu
288,208,52
linear,relu,relu
288,208,52
linear,relu,relu
288,208,52
linear,relu,relu
288,224,56
linear,relu,relu
288,224,56
linear,relu,relu
288,224,56
linear,relu,relu
288,224,56
linear,relu,relu
288,240,60
linear,relu,relu
288,240,60
linear,relu,relu
288,240,60
linear,relu,relu
288,240,60
linear,relu,relu
304,16,4
linear,relu,relu
304,16,4
linear,relu,relu
304,16,4
linear,relu,relu
304,16,4
linear,relu,relu
304,32,8
linear,relu,relu
304,32,8
linear,relu,relu
304,32,8
linear,relu,relu
304,32,8
linear,relu,relu
304,48,12
linear,relu,relu
304,48,12
linear,relu,relu
304,48,12
linear,relu,relu
304,48,12
linear,relu,relu
304,64,16
linear,relu,relu
304,64,16
linear,relu,relu
304,64,16
linear,relu,relu
304,64,16
linear,relu,relu
304,80,20
linear,relu,relu
304,80,20
linear,relu,relu
304,80,20
linear,relu,relu
304,80,20
linear,relu,relu
304,96,24
linear,relu,relu
304,96,24
linear,relu,relu
304,96,24
linear,relu,relu
304,96,24
linear,relu,relu
304,112,28
linear,relu,relu
304,112,28
linear,relu,relu
304,112,28
linear,relu,relu
304,112,28
linear,relu,relu
304,128,32
linear,relu,relu
304,128,32
linear,relu,relu
304,128,32
linear,relu,relu
304,128,32
linear,relu,relu
304,144,36
linear,relu,relu
304,144,36
linear,relu,relu
304,144,36
linear,relu,relu
304,144,36
linear,relu,relu
304,160,40
linear,relu,relu
304,160,40
linear,relu,relu
304,160,40
linear,relu,relu
304,160,40
linear,relu,relu
304,176,44
linear,relu,relu
304,176,44
linear,relu,relu
304,176,44
linear,relu,relu
304,176,44
linear,relu,relu
304,192,48
linear,relu,relu
304,192,48
linear,relu,relu
304,192,48
linear,relu,relu
304,192,48
linear,relu,relu
304,208,52
linear,relu,relu
304,208,52
linear,relu,relu
304,208,52
linear,relu,relu
304,208,52
linear,relu,relu
304,224,56
linear,relu,relu
304,224,56
linear,relu,relu
304,224,56
linear,relu,relu
304,224,56
linear,relu,relu
304,240,60
linear,relu,relu
304,240,60
linear,relu,relu
304,240,60
linear,relu,relu
304,240,60
linear,relu,relu
320,16,4
linear,relu,relu
320,16,4
linear,relu,relu
320,16,4
linear,relu,relu
320,16,4
linear,relu,relu
320,32,8
linear,relu,relu
320,32,8
linear,relu,relu
320,32,8
linear,relu,relu
320,32,8
linear,relu,relu
320,48,12
linear,relu,relu
320,48,12
linear,relu,relu
320,48,12
linear,relu,relu
320,48,12
linear,relu,relu
320,64,16
linear,relu,relu
320,64,16
linear,relu,relu
320,64,16
linear,relu,relu
320,64,16
linear,relu,relu
320,80,20
linear,relu,relu
320,80,20
linear,relu,relu
320,80,20
linear,relu,relu
320,80,20
linear,relu,relu
320,96,24
linear,relu,relu
320,96,24
linear,relu,relu
320,96,24
linear,relu,relu
320,96,24
linear,relu,relu
320,112,28
linear,relu,relu
320,112,28
linear,relu,relu
320,112,28
linear,relu,relu
320,112,28
linear,relu,relu
320,128,32
linear,relu,relu
320,128,32
linear,relu,relu
320,128,32
linear,relu,relu
320,128,32
linear,relu,relu
320,144,36
linear,relu,relu
320,144,36
linear,relu,relu
320,144,36
linear,relu,relu
320,144,36
linear,relu,relu
320,160,40
linear,relu,relu
320,160,40
linear,relu,relu
320,160,40
linear,relu,relu
320,160,40
linear,relu,relu
320,176,44
linear,relu,relu
320,176,44
linear,relu,relu
320,176,44
linear,relu,relu
320,176,44
linear,relu,relu
320,192,48
linear,relu,relu
320,192,48
linear,relu,relu
320,192,48
linear,relu,relu
320,192,48
linear,relu,relu
320,208,52
linear,relu,relu
320,208,52
linear,relu,relu
320,208,52
linear,relu,relu
320,208,52
linear,relu,relu
320,224,56
linear,relu,relu
320,224,56
linear,relu,relu
320,224,56
linear,relu,relu
320,224,56
linear,relu,relu
320,240,60
linear,relu,relu
320,240,60
linear,relu,relu
320,240,60
linear,relu,relu
320,240,60
linear,relu,relu
336,16,4
linear,relu,relu
336,16,4
linear,relu,relu
336,16,4
linear,relu,relu
336,16,4
linear,relu,relu
336,32,8
linear,relu,relu
336,32,8
linear,relu,relu
336,32,8
linear,relu,relu
336,32,8
linear,relu,relu
336,48,12
linear,relu,relu
336,48,12
linear,relu,relu
336,48,12
linear,relu,relu
336,48,12
linear,relu,relu
336,64,16
linear,relu,relu
336,64,16
linear,relu,relu
336,64,16
linear,relu,relu
336,64,16
linear,relu,relu
336,80,20
linear,relu,relu
336,80,20
linear,relu,relu
336,80,20
linear,relu,relu
336,80,20
linear,relu,relu
336,96,24
linear,relu,relu
336,96,24
linear,relu,relu
336,96,24
linear,relu,relu
336,96,24
linear,relu,relu
336,112,28
linear,relu,relu
336,112,28
linear,relu,relu
336,112,28
linear,relu,relu
336,112,28
linear,relu,relu
336,128,32
linear,relu,relu
336,128,32
linear,relu,relu
336,128,32
linear,relu,relu
336,128,32
linear,relu,relu
336,144,36
linear,relu,relu
336,144,36
linear,relu,relu
336,144,36
linear,relu,relu
336,144,36
linear,relu,relu
336,160,40
linear,relu,relu
336,160,40
linear,relu,relu
336,160,40
linear,relu,relu
336,160,40
linear,relu,relu
336,176,44
linear,relu,relu
336,176,44
linear,relu,relu
336,176,44
linear,relu,relu
336,176,44
linear,relu,relu
336,192,48
linear,relu,relu
336,192,48
linear,relu,relu
336,192,48
linear,relu,relu
336,192,48
linear,relu,relu
336,208,52
linear,relu,relu
336,208,52
linear,relu,relu
336,208,52
linear,relu,relu
336,208,52
linear,relu,relu
336,224,56
linear,relu,relu
336,224,56
linear,relu,relu
336,224,56
linear,relu,relu
336,224,56
linear,relu,relu
336,240,60
linear,relu,relu
336,240,60
linear,relu,relu
336,240,60
linear,relu,relu
336,240,60
linear,relu,relu
352,16,4
linear,relu,relu
352,16,4
linear,relu,relu
352,16,4
linear,relu,relu
352,16,4
linear,relu,relu
352,32,8
linear,relu,relu
352,32,8
linear,relu,relu
352,32,8
linear,relu,relu
352,32,8
linear,relu,relu
352,48,12
linear,relu,relu
352,48,12
linear,relu,relu
352,48,12
linear,relu,relu
352,48,12
linear,relu,relu
352,64,16
linear,relu,relu
352,64,16
linear,relu,relu
352,64,16
linear,relu,relu
352,64,16
linear,relu,relu
352,80,20
linear,relu,relu
352,80,20
linear,relu,relu
352,80,20
linear,relu,relu
352,80,20
linear,relu,relu
352,96,24
linear,relu,relu
352,96,24
linear,relu,relu
352,96,24
linear,relu,relu
352,96,24
linear,relu,relu
352,112,28
linear,relu,relu
352,112,28
linear,relu,relu
352,112,28
linear,relu,relu
352,112,28
linear,relu,relu
352,128,32
linear,relu,relu
352,128,32
linear,relu,relu
352,128,32
linear,relu,relu
352,128,32
linear,relu,relu
352,144,36
linear,relu,relu
352,144,36
linear,relu,relu
352,144,36
linear,relu,relu
352,144,36
linear,relu,relu
352,160,40
linear,relu,relu
352,160,40
linear,relu,relu
352,160,40
linear,relu,relu
352,160,40
linear,relu,relu
352,176,44
linear,relu,relu
352,176,44
linear,relu,relu
352,176,44
linear,relu,relu
352,176,44
linear,relu,relu
352,192,48
linear,relu,relu
352,192,48
linear,relu,relu
352,192,48
linear,relu,relu
352,192,48
linear,relu,relu
352,208,52
linear,relu,relu
352,208,52
linear,relu,relu
352,208,52
linear,relu,relu
352,208,52
linear,relu,relu
352,224,56
linear,relu,relu
352,224,56
linear,relu,relu
352,224,56
linear,relu,relu
352,224,56
linear,relu,relu
352,240,60
linear,relu,relu
352,240,60
linear,relu,relu
352,240,60
linear,relu,relu
352,240,60
linear,relu,relu
368,16,4
linear,relu,relu
368,16,4
linear,relu,relu
368,16,4
linear,relu,relu
368,16,4
linear,relu,relu
368,32,8
linear,relu,relu
368,32,8
linear,relu,relu
368,32,8
linear,relu,relu
368,32,8
linear,relu,relu
368,48,12
linear,relu,relu
368,48,12
linear,relu,relu
368,48,12
linear,relu,relu
368,48,12
linear,relu,relu
368,64,16
linear,relu,relu
368,64,16
linear,relu,relu
368,64,16
linear,relu,relu
368,64,16
linear,relu,relu
368,80,20
linear,relu,relu
368,80,20
linear,relu,relu
368,80,20
linear,relu,relu
368,80,20
linear,relu,relu
368,96,24
linear,relu,relu
368,96,24
linear,relu,relu
368,96,24
linear,relu,relu
368,96,24
linear,relu,relu
368,112,28
linear,relu,relu
368,112,28
linear,relu,relu
368,112,28
linear,relu,relu
368,112,28
linear,relu,relu
368,128,32
linear,relu,relu
368,128,32
linear,relu,relu
368,128,32
linear,relu,relu
368,128,32
linear,relu,relu
368,144,36
linear,relu,relu
368,144,36
linear,relu,relu
368,144,36
linear,relu,relu
368,144,36
linear,relu,relu
368,160,40
linear,relu,relu
368,160,40
linear,relu,relu
368,160,40
linear,relu,relu
368,160,40
linear,relu,relu
368,176,44
linear,relu,relu
368,176,44
linear,relu,relu
368,176,44
linear,relu,relu
368,176,44
linear,relu,relu
368,192,48
linear,relu,relu
368,192,48
linear,relu,relu
368,192,48
linear,relu,relu
368,192,48
linear,relu,relu
368,208,52
linear,relu,relu
368,208,52
linear,relu,relu
368,208,52
linear,relu,relu
368,208,52
linear,relu,relu
368,224,56
linear,relu,relu
368,224,56
linear,relu,relu
368,224,56
linear,relu,relu
368,224,56
linear,relu,relu
368,240,60
linear,relu,relu
368,240,60
linear,relu,relu
368,240,60
linear,relu,relu
368,240,60
linear,relu,relu
384,16,4
linear,relu,relu
384,16,4
linear,relu,relu
384,16,4
linear,relu,relu
384,16,4
linear,relu,relu
384,32,8
linear,relu,relu
384,32,8
linear,relu,relu
384,32,8
linear,relu,relu
384,32,8
linear,relu,relu
384,48,12
linear,relu,relu
384,48,12
linear,relu,relu
384,48,12
linear,relu,relu
384,48,12
linear,relu,relu
384,64,16
linear,relu,relu
384,64,16
linear,relu,relu
384,64,16
linear,relu,relu
384,64,16
linear,relu,relu
384,80,20
linear,relu,relu
384,80,20
linear,relu,relu
384,80,20
linear,relu,relu
384,80,20
linear,relu,relu
384,96,24
linear,relu,relu
384,96,24
linear,relu,relu
384,96,24
linear,relu,relu
384,96,24
linear,relu,relu
384,112,28
linear,relu,relu
384,112,28
linear,relu,relu
384,112,28
linear,relu,relu
384,112,28
linear,relu,relu
384,128,32
linear,relu,relu
384,128,32
linear,relu,relu
384,128,32
linear,relu,relu
384,128,32
linear,relu,relu
384,144,36
linear,relu,relu
384,144,36
linear,relu,relu
384,144,36
linear,relu,relu
384,144,36
linear,relu,relu
384,160,40
linear,relu,relu
384,160,40
linear,relu,relu
384,160,40
linear,relu,relu
384,160,40
linear,relu,relu
384,176,44
linear,relu,relu
384,176,44
linear,relu,relu
384,176,44
linear,relu,relu
384,176,44
linear,relu,relu
384,192,48
linear,relu,relu
384,192,48
linear,relu,relu
384,192,48
linear,relu,relu
384,192,48
linear,relu,relu
384,208,52
linear,relu,relu
384,208,52
linear,relu,relu
384,208,52
linear,relu,relu
384,208,52
linear,relu,relu
384,224,56
linear,relu,relu
384,224,56
linear,relu,relu
384,224,56
linear,relu,relu
384,224,56
linear,relu,relu
384,240,60
linear,relu,relu
384,240,60
linear,relu,relu
384,240,60
linear,relu,relu
384,240,60
linear,relu,relu
400,16,4
linear,relu,relu
400,16,4
linear,relu,relu
400,16,4
linear,relu,relu
400,16,4
linear,relu,relu
400,32,8
linear,relu,relu
400,32,8
linear,relu,relu
400,32,8
linear,relu,relu
400,32,8
linear,relu,relu
400,48,12
linear,relu,relu
400,48,12
linear,relu,relu
400,48,12
linear,relu,relu
400,48,12
linear,relu,relu
400,64,16
linear,relu,relu
400,64,16
linear,relu,relu
400,64,16
linear,relu,relu
400,64,16
linear,relu,relu
400,80,20
linear,relu,relu
400,80,20
linear,relu,relu
400,80,20
linear,relu,relu
400,80,20
linear,relu,relu
400,96,24
linear,relu,relu
400,96,24
linear,relu,relu
400,96,24
linear,relu,relu
400,96,24
linear,relu,relu
400,112,28
linear,relu,relu
400,112,28
linear,relu,relu
400,112,28
linear,relu,relu
400,112,28
linear,relu,relu
400,128,32
linear,relu,relu
400,128,32
linear,relu,relu
400,128,32
linear,relu,relu
400,128,32
linear,relu,relu
400,144,36
linear,relu,relu
400,144,36
linear,relu,relu
400,144,36
linear,relu,relu
400,144,36
linear,relu,relu
400,160,40
linear,relu,relu
400,160,40
linear,relu,relu
400,160,40
linear,relu,relu
400,160,40
linear,relu,relu
400,176,44
linear,relu,relu
400,176,44
linear,relu,relu
400,176,44
linear,relu,relu
400,176,44
linear,relu,relu
400,192,48
linear,relu,relu
400,192,48
linear,relu,relu
400,192,48
linear,relu,relu
400,192,48
linear,relu,relu
400,208,52
linear,relu,relu
400,208,52
linear,relu,relu
400,208,52
linear,relu,relu
400,208,52
linear,relu,relu
400,224,56
linear,relu,relu
400,224,56
linear,relu,relu
400,224,56
linear,relu,relu
400,224,56
linear,relu,relu
400,240,60
linear,relu,relu
400,240,60
linear,relu,relu
400,240,60
linear,relu,relu
400,240,60
linear,relu,relu
416,16,4
linear,relu,relu
416,16,4
linear,relu,relu
416,16,4
linear,relu,relu
416,16,4
linear,relu,relu
416,32,8
linear,relu,relu
416,32,8
linear,relu,relu
416,32,8
linear,relu,relu
416,32,8
linear,relu,relu
416,48,12
linear,relu,relu
416,48,12
linear,relu,relu
416,48,12
linear,relu,relu
416,48,12
linear,relu,relu
416,64,16
linear,relu,relu
416,64,16
linear,relu,relu
416,64,16
linear,relu,relu
416,64,16
linear,relu,relu
416,80,20
linear,relu,relu
416,80,20
linear,relu,relu
416,80,20
linear,relu,relu
416,80,20
linear,relu,relu
416,96,24
linear,relu,relu
416,96,24
linear,relu,relu
416,96,24
linear,relu,relu
416,96,24
linear,relu,relu
416,112,28
linear,relu,relu
416,112,28
linear,relu,relu
416,112,28
linear,relu,relu
416,112,28
linear,relu,relu
416,128,32
linear,relu,relu
416,128,32
linear,relu,relu
416,128,32
linear,relu,relu
416,128,32
linear,relu,relu
416,144,36
linear,relu,relu
416,144,36
linear,relu,relu
416,144,36
linear,relu,relu
416,144,36
linear,relu,relu
416,160,40
linear,relu,relu
416,160,40
linear,relu,relu
416,160,40
linear,relu,relu
416,160,40
linear,relu,relu
416,176,44
linear,relu,relu
416,176,44
linear,relu,relu
416,176,44
linear,relu,relu
416,176,44
linear,relu,relu
416,192,48
linear,relu,relu
416,192,48
linear,relu,relu
416,192,48
linear,relu,relu
416,192,48
linear,relu,relu
416,208,52
linear,relu,relu
416,208,52
linear,relu,relu
416,208,52
linear,relu,relu
416,208,52
linear,relu,relu
416,224,56
linear,relu,relu
416,224,56
linear,relu,relu
416,224,56
linear,relu,relu
416,224,56
linear,relu,relu
416,240,60
linear,relu,relu
416,240,60
linear,relu,relu
416,240,60
linear,relu,relu
416,240,60
linear,relu,relu
432,16,4
linear,relu,relu
432,16,4
linear,relu,relu
432,16,4
linear,relu,relu
432,16,4
linear,relu,relu
432,32,8
linear,relu,relu
432,32,8
linear,relu,relu
432,32,8
linear,relu,relu
432,32,8
linear,relu,relu
432,48,12
linear,relu,relu
432,48,12
linear,relu,relu
432,48,12
linear,relu,relu
432,48,12
linear,relu,relu
432,64,16
linear,relu,relu
432,64,16
linear,relu,relu
432,64,16
linear,relu,relu
432,64,16
linear,relu,relu
432,80,20
linear,relu,relu
432,80,20
linear,relu,relu
432,80,20
linear,relu,relu
432,80,20
linear,relu,relu
432,96,24
linear,relu,relu
432,96,24
linear,relu,relu
432,96,24
linear,relu,relu
432,96,24
linear,relu,relu
432,112,28
linear,relu,relu
432,112,28
linear,relu,relu
432,112,28
linear,relu,relu
432,112,28
linear,relu,relu
432,128,32
linear,relu,relu
432,128,32
linear,relu,relu
432,128,32
linear,relu,relu
432,128,32
linear,relu,relu
432,144,36
linear,relu,relu
432,144,36
linear,relu,relu
432,144,36
linear,relu,relu
432,144,36
linear,relu,relu
432,160,40
linear,relu,relu
432,160,40
linear,relu,relu
432,160,40
linear,relu,relu
432,160,40
linear,relu,relu
432,176,44
linear,relu,relu
432,176,44
linear,relu,relu
432,176,44
linear,relu,relu
432,176,44
linear,relu,relu
432,192,48
linear,relu,relu
432,192,48
linear,relu,relu
432,192,48
linear,relu,relu
432,192,48
linear,relu,relu
432,208,52
linear,relu,relu
432,208,52
linear,relu,relu
432,208,52
linear,relu,relu
432,208,52
linear,relu,relu
432,224,56
linear,relu,relu
432,224,56
linear,relu,relu
432,224,56
linear,relu,relu
432,224,56
linear,relu,relu
432,240,60
linear,relu,relu
432,240,60
linear,relu,relu
432,240,60
linear,relu,relu
432,240,60
linear,relu,relu
448,16,4
linear,relu,relu
448,16,4
linear,relu,relu
448,16,4
linear,relu,relu
448,16,4
linear,relu,relu
448,32,8
linear,relu,relu
448,32,8
linear,relu,relu
448,32,8
linear,relu,relu
448,32,8
linear,relu,relu
448,48,12
linear,relu,relu
448,48,12
linear,relu,relu
448,48,12
linear,relu,relu
448,48,12
linear,relu,relu
448,64,16
linear,relu,relu
448,64,16
linear,relu,relu
448,64,16
linear,relu,relu
448,64,16
linear,relu,relu
448,80,20
linear,relu,relu
448,80,20
linear,relu,relu
448,80,20
linear,relu,relu
448,80,20
linear,relu,relu
448,96,24
linear,relu,relu
448,96,24
linear,relu,relu
448,96,24
linear,relu,relu
448,96,24
linear,relu,relu
448,112,28
linear,relu,relu
448,112,28
linear,relu,relu
448,112,28
linear,relu,relu
448,112,28
linear,relu,relu
448,128,32
linear,relu,relu
448,128,32
linear,relu,relu
448,128,32
linear,relu,relu
448,128,32
linear,relu,relu
448,144,36
linear,relu,relu
448,144,36
linear,relu,relu
448,144,36
linear,relu,relu
448,144,36
linear,relu,relu
448,160,40
linear,relu,relu
448,160,40
linear,relu,relu
448,160,40
linear,relu,relu
448,160,40
linear,relu,relu
448,176,44
linear,relu,relu
448,176,44
linear,relu,relu
448,176,44
linear,relu,relu
448,176,44
linear,relu,relu
448,192,48
linear,relu,relu
448,192,48
linear,relu,relu
448,192,48
linear,relu,relu
448,192,48
linear,relu,relu
448,208,52
linear,relu,relu
448,208,52
linear,relu,relu
448,208,52
linear,relu,relu
448,208,52
linear,relu,relu
448,224,56
linear,relu,relu
448,224,56
linear,relu,relu
448,224,56
linear,relu,relu
448,224,56
linear,relu,relu
448,240,60
linear,relu,relu
448,240,60
linear,relu,relu
448,240,60
linear,relu,relu
448,240,60
linear,relu,relu
464,16,4
linear,relu,relu
464,16,4
linear,relu,relu
464,16,4
linear,relu,relu
464,16,4
linear,relu,relu
464,32,8
linear,relu,relu
464,32,8
linear,relu,relu
464,32,8
linear,relu,relu
464,32,8
linear,relu,relu
464,48,12
linear,relu,relu
464,48,12
linear,relu,relu
464,48,12
linear,relu,relu
464,48,12
linear,relu,relu
464,64,16
linear,relu,relu
464,64,16
linear,relu,relu
464,64,16
linear,relu,relu
464,64,16
linear,relu,relu
464,80,20
linear,relu,relu
464,80,20
linear,relu,relu
464,80,20
linear,relu,relu
464,80,20
linear,relu,relu
464,96,24
linear,relu,relu
464,96,24
linear,relu,relu
464,96,24
linear,relu,relu
464,96,24
linear,relu,relu
464,112,28
linear,relu,relu
464,112,28
linear,relu,relu
464,112,28
linear,relu,relu
464,112,28
linear,relu,relu
464,128,32
linear,relu,relu
464,128,32
linear,relu,relu
464,128,32
linear,relu,relu
464,128,32
linear,relu,relu
464,144,36
linear,relu,relu
464,144,36
linear,relu,relu
464,144,36
linear,relu,relu
464,144,36
linear,relu,relu
464,160,40
linear,relu,relu
464,160,40
linear,relu,relu
464,160,40
linear,relu,relu
464,160,40
linear,relu,relu
464,176,44
linear,relu,relu
464,176,44
linear,relu,relu
464,176,44
linear,relu,relu
464,176,44
linear,relu,relu
464,192,48
linear,relu,relu
464,192,48
linear,relu,relu
464,192,48
linear,relu,relu
464,192,48
linear,relu,relu
464,208,52
linear,relu,relu
464,208,52
linear,relu,relu
464,208,52
linear,relu,relu
464,208,52
linear,relu,relu
464,224,56
linear,relu,relu
464,224,56
linear,relu,relu
464,224,56
linear,relu,relu
464,224,56
linear,relu,relu
464,240,60
linear,relu,relu
464,240,60
linear,relu,relu
464,240,60
linear,relu,relu
464,240,60
linear,relu,relu
480,16,4
linear,relu,relu
480,16,4
linear,relu,relu
480,16,4
linear,relu,relu
480,16,4
linear,relu,relu
480,32,8
linear,relu,relu
480,32,8
linear,relu,relu
480,32,8
linear,relu,relu
480,32,8
linear,relu,relu
480,48,12
linear,relu,relu
480,48,12
linear,relu,relu
480,48,12
linear,relu,relu
480,48,12
linear,relu,relu
480,64,16
linear,relu,relu
480,64,16
linear,relu,relu
480,64,16
linear,relu,relu
480,64,16
linear,relu,relu
480,80,20
linear,relu,relu
480,80,20
linear,relu,relu
480,80,20
linear,relu,relu
480,80,20
linear,relu,relu
480,96,24
linear,relu,relu
480,96,24
linear,relu,relu
480,96,24
linear,relu,relu
480,96,24
linear,relu,relu
480,112,28
linear,relu,relu
480,112,28
linear,relu,relu
480,112,28
linear,relu,relu
480,112,28
linear,relu,relu
480,128,32
linear,relu,relu
480,128,32
linear,relu,relu
480,128,32
linear,relu,relu
480,128,32
linear,relu,relu
480,144,36
linear,relu,relu
480,144,36
linear,relu,relu
480,144,36
linear,relu,relu
480,144,36
linear,relu,relu
480,160,40
linear,relu,relu
480,160,40
linear,relu,relu
480,160,40
linear,relu,relu
480,160,40
linear,relu,relu
480,176,44
linear,relu,relu
480,176,44
linear,relu,relu
480,176,44
linear,relu,relu
480,176,44
linear,relu,relu
480,192,48
linear,relu,relu
480,192,48
linear,relu,relu
480,192,48
linear,relu,relu
480,192,48
linear,relu,relu
480,208,52
linear,relu,relu
480,208,52
linear,relu,relu
480,208,52
linear,relu,relu
480,208,52
linear,relu,relu
480,224,56
linear,relu,relu
480,224,56
linear,relu,relu
480,224,56
linear,relu,relu
480,224,56
linear,relu,relu
480,240,60
linear,relu,relu
480,240,60
linear,relu,relu
480,240,60
linear,relu,relu
480,240,60
linear,relu,relu
496,16,4
linear,relu,relu
496,16,4
linear,relu,relu
496,16,4
linear,relu,relu
496,16,4
linear,relu,relu
496,32,8
linear,relu,relu
496,32,8
linear,relu,relu
496,32,8
linear,relu,relu
496,32,8
linear,relu,relu
496,48,12
linear,relu,relu
496,48,12
linear,relu,relu
496,48,12
linear,relu,relu
496,48,12
linear,relu,relu
496,64,16
linear,relu,relu
496,64,16
linear,relu,relu
496,64,16
linear,relu,relu
496,64,16
linear,relu,relu
496,80,20
linear,relu,relu
496,80,20
linear,relu,relu
496,80,20
linear,relu,relu
496,80,20
linear,relu,relu
496,96,24
linear,relu,relu
496,96,24
linear,relu,relu
496,96,24
linear,relu,relu
496,96,24
linear,relu,relu
496,112,28
linear,relu,relu
496,112,28
linear,relu,relu
496,112,28
linear,relu,relu
496,112,28
linear,relu,relu
496,128,32
linear,relu,relu
496,128,32
linear,relu,relu
496,128,32
linear,relu,relu
496,128,32
linear,relu,relu
496,144,36
linear,relu,relu
496,144,36
linear,relu,relu
496,144,36
linear,relu,relu
496,144,36
linear,relu,relu
496,160,40
linear,relu,relu
496,160,40
linear,relu,relu
496,160,40
linear,relu,relu
496,160,40
linear,relu,relu
496,176,44
linear,relu,relu
496,176,44
linear,relu,relu
496,176,44
linear,relu,relu
496,176,44
linear,relu,relu
496,192,48
linear,relu,relu
496,192,48
linear,relu,relu
496,192,48
linear,relu,relu
496,192,48
linear,relu,relu
496,208,52
linear,relu,relu
496,208,52
linear,relu,relu
496,208,52
linear,relu,relu
496,208,52
linear,relu,relu
496,224,56
linear,relu,relu
496,224,56
linear,relu,relu
496,224,56
linear,relu,relu
496,224,56
linear,relu,relu
496,240,60
linear,relu,relu
496,240,60
linear,relu,relu
496,240,60
linear,relu,relu
496,240,60
